{
    "version": 8,
    "name": "Stylizacja Praca Inżynierska",
    "metadata": {
        "mapbox:autocomposite": true,
        "mapbox:type": "template",
        "mapbox:sdk-support": {
            "android": "10.0.0",
            "ios": "10.0.0",
            "js": "2.3.0"
        },
        "mapbox:groups": {
            "1e61c6c5cea1110a71312e16f28d558d": {
                "name": "Podłoże OK",
                "collapsed": false
            },
            "3f7b3581e249741fa33b9c7362b5b699": {
                "name": "Przyroda OK",
                "collapsed": false
            },
            "71785a6137c320df948783cc6b6b26e7": {
                "name": "Linie OK",
                "collapsed": false
            },
            "d6bf219108ffee0b37008ab5cebb992c": {
                "name": "Obiekty OK",
                "collapsed": false
            },
            "9e3969e4477ea095bcea4d4c04d8a0f2": {
                "name": "Elementy mapy ",
                "collapsed": false
            },
            "8b58016184b8b3ba0de0caad53379826": {
                "name": "Podłoże",
                "collapsed": false
            },
            "91e85362cdb9ee3a8a9b6e9131114277": {
                "name": "Przyroda",
                "collapsed": false
            }
        },
        "mapbox:uiParadigm": "layers"
    },
    "center": [20.562715471684328, 50.164131326098584],
    "zoom": 11.942403282201845,
    "bearing": 0,
    "pitch": 0,
    "sources": {
        "composite": {
            "url": "mapbox://ngadoc.58ep7qm2,ngadoc.7kbdojol,ngadoc.8dk82mfd,ngadoc.2dsjg1t5,ngadoc.3sczca2r,ngadoc.0v68c76x,ngadoc.6bxmvk9a,ngadoc.2wb2hmr9,ngadoc.14w269t5,ngadoc.21shh54u,ngadoc.6xbahtle,ngadoc.7lhyxz8w,ngadoc.9im3mbgd,mapbox.mapbox-terrain-v2,ngadoc.8ufn8by5",
            "type": "vector"
        }
    },
    "sprite": "mapbox://sprites/ngadoc/cku5fr9df2k7u17qejb0owvsi/draft",
    "glyphs": "mapbox://fonts/mapbox/{fontstack}/{range}.pbf",
    "layers": [
        {
            "id": "landcover 2",
            "type": "fill",
            "metadata": {"mapbox:group": "1e61c6c5cea1110a71312e16f28d558d"},
            "source": "composite",
            "source-layer": "landcover",
            "layout": {"visibility": "none"},
            "paint": {
                "fill-color": [
                    "interpolate",
                    ["linear"],
                    ["zoom"],
                    0,
                    "hsla(154, 97%, 25%, 0.72)",
                    7,
                    "hsla(154, 95%, 36%, 0.71)"
                ],
                "fill-opacity": [
                    "interpolate",
                    ["linear"],
                    ["zoom"],
                    0,
                    0.3,
                    6,
                    0.15,
                    7.3,
                    0.07
                ]
            }
        },
        {
            "id": "landcover 1",
            "type": "fill",
            "metadata": {"mapbox:group": "1e61c6c5cea1110a71312e16f28d558d"},
            "source": "composite",
            "source-layer": "landcover",
            "layout": {"visibility": "none"},
            "paint": {
                "fill-color": [
                    "interpolate",
                    ["linear"],
                    ["zoom"],
                    0,
                    "#d4f2a6",
                    7,
                    "#f8fcf2"
                ]
            }
        },
        {
            "id": "landcover",
            "type": "fill",
            "metadata": {"mapbox:group": "1e61c6c5cea1110a71312e16f28d558d"},
            "source": "composite",
            "source-layer": "landcover",
            "paint": {
                "fill-color": [
                    "interpolate",
                    ["linear"],
                    ["zoom"],
                    0,
                    "hsl(36, 88%, 76%)",
                    7,
                    "hsl(36, 100%, 98%)"
                ]
            }
        },
        {
            "id": "Piaski",
            "type": "fill",
            "metadata": {"mapbox:group": "3f7b3581e249741fa33b9c7362b5b699"},
            "source": "composite",
            "source-layer": "Piaski",
            "minzoom": 9,
            "paint": {"fill-color": "#fff1ba"}
        },
        {
            "id": "Zarosla",
            "type": "fill",
            "metadata": {"mapbox:group": "3f7b3581e249741fa33b9c7362b5b699"},
            "source": "composite",
            "source-layer": "Zarosla",
            "minzoom": 11,
            "paint": {"fill-color": "hsl(114, 53%, 83%)"}
        },
        {
            "id": "Podmokle ",
            "type": "fill",
            "metadata": {"mapbox:group": "3f7b3581e249741fa33b9c7362b5b699"},
            "source": "composite",
            "source-layer": "Podmokle",
            "minzoom": 8,
            "paint": {"fill-color": "hsl(146, 48%, 90%)", "fill-opacity": 0.96}
        },
        {
            "id": "Podmokle P",
            "type": "fill",
            "metadata": {"mapbox:group": "3f7b3581e249741fa33b9c7362b5b699"},
            "source": "composite",
            "source-layer": "Podmokle",
            "minzoom": 13.5,
            "layout": {"visibility": "none"},
            "paint": {
                "fill-color": "hsla(128, 16%, 0%, 0.32)",
                "fill-pattern": "saxaul-fill_100k",
                "fill-translate": [0, 0],
                "fill-opacity": 0.53
            }
        },
        {
            "id": "Podmokle Pp",
            "type": "fill",
            "metadata": {"mapbox:group": "3f7b3581e249741fa33b9c7362b5b699"},
            "source": "composite",
            "source-layer": "Podmokle",
            "minzoom": 13.5,
            "paint": {
                "fill-color": "hsla(128, 16%, 0%, 0.32)",
                "fill-pattern": "wetland",
                "fill-translate": [0, 0],
                "fill-opacity": 0.53
            }
        },
        {
            "id": "Nieuzytki pastwiska",
            "type": "fill",
            "metadata": {"mapbox:group": "3f7b3581e249741fa33b9c7362b5b699"},
            "source": "composite",
            "source-layer": "Nieuzytki_pastwiska",
            "minzoom": 8,
            "paint": {"fill-color": "hsl(146, 54%, 89%)"}
        },
        {
            "id": "Lasy",
            "type": "fill",
            "metadata": {"mapbox:group": "3f7b3581e249741fa33b9c7362b5b699"},
            "source": "composite",
            "source-layer": "Lasy",
            "minzoom": 6,
            "paint": {"fill-color": "hsl(90, 40%, 67%)"}
        },
        {
            "id": "Lasy P",
            "type": "fill",
            "metadata": {"mapbox:group": "3f7b3581e249741fa33b9c7362b5b699"},
            "source": "composite",
            "source-layer": "Lasy",
            "minzoom": 10,
            "paint": {
                "fill-color": "hsl(90, 40%, 67%)",
                "fill-pattern": "forest-fill"
            }
        },
        {
            "id": "Lasy lisciaste",
            "type": "fill",
            "metadata": {"mapbox:group": "3f7b3581e249741fa33b9c7362b5b699"},
            "source": "composite",
            "source-layer": "Lasy_lisciaste",
            "minzoom": 6,
            "paint": {"fill-color": "hsl(105, 37%, 74%)"}
        },
        {
            "id": "Lasy lisciaste P",
            "type": "fill",
            "metadata": {"mapbox:group": "3f7b3581e249741fa33b9c7362b5b699"},
            "source": "composite",
            "source-layer": "Lasy_lisciaste",
            "minzoom": 11.2,
            "paint": {
                "fill-color": "hsl(105, 38%, 72%)",
                "fill-pattern": "leaftype_broadleaved"
            }
        },
        {
            "id": "Lasy mieszane",
            "type": "fill",
            "metadata": {"mapbox:group": "3f7b3581e249741fa33b9c7362b5b699"},
            "source": "composite",
            "source-layer": "Lasy_mieszane",
            "minzoom": 6,
            "layout": {},
            "paint": {"fill-color": "hsl(90, 32%, 73%)"}
        },
        {
            "id": "Lasy mieszane P",
            "type": "fill",
            "metadata": {"mapbox:group": "3f7b3581e249741fa33b9c7362b5b699"},
            "source": "composite",
            "source-layer": "Lasy_mieszane",
            "minzoom": 11,
            "paint": {
                "fill-color": "#c2dca8",
                "fill-pattern": "leaftype_unknown"
            }
        },
        {
            "id": "Lasy iglaste",
            "type": "fill",
            "metadata": {"mapbox:group": "3f7b3581e249741fa33b9c7362b5b699"},
            "source": "composite",
            "source-layer": "Lasy_iglaste",
            "minzoom": 6,
            "paint": {"fill-color": "hsl(100, 38%, 81%)"}
        },
        {
            "id": "Lasy iglaste P",
            "type": "fill",
            "metadata": {"mapbox:group": "3f7b3581e249741fa33b9c7362b5b699"},
            "source": "composite",
            "source-layer": "Lasy_iglaste",
            "minzoom": 11.2,
            "paint": {
                "fill-color": "#c2dcb5",
                "fill-pattern": "leaftype_needleleaved"
            }
        },
        {
            "id": "Laki",
            "type": "fill",
            "metadata": {"mapbox:group": "3f7b3581e249741fa33b9c7362b5b699"},
            "source": "composite",
            "source-layer": "Laki",
            "minzoom": 7,
            "paint": {"fill-color": "hsl(83, 38%, 88%)"}
        },
        {
            "id": "Laki P",
            "type": "fill",
            "metadata": {"mapbox:group": "3f7b3581e249741fa33b9c7362b5b699"},
            "source": "composite",
            "source-layer": "Laki",
            "minzoom": 12.7,
            "paint": {
                "fill-color": "#e3ecd5",
                "fill-pattern": "bamboo_100k",
                "fill-opacity": 0.53
            }
        },
        {
            "id": "Stawy",
            "type": "fill",
            "metadata": {"mapbox:group": "3f7b3581e249741fa33b9c7362b5b699"},
            "source": "composite",
            "source-layer": "Stawy",
            "minzoom": 7,
            "paint": {"fill-color": "#c4dcee"}
        },
        {
            "id": "Bagna",
            "type": "fill",
            "metadata": {"mapbox:group": "3f7b3581e249741fa33b9c7362b5b699"},
            "source": "composite",
            "source-layer": "Bagna",
            "minzoom": 7,
            "paint": {"fill-color": "#a5a772"}
        },
        {
            "id": "Bagna P",
            "type": "fill",
            "metadata": {"mapbox:group": "3f7b3581e249741fa33b9c7362b5b699"},
            "source": "composite",
            "source-layer": "Bagna",
            "minzoom": 11,
            "paint": {
                "fill-pattern": "bagienne",
                "fill-antialias": ["step", ["zoom"], true, 22, true],
                "fill-translate": [0, 0],
                "fill-opacity": 0.82
            }
        },
        {
            "id": "Obszar zabudowany",
            "type": "fill",
            "metadata": {"mapbox:group": "3f7b3581e249741fa33b9c7362b5b699"},
            "source": "composite",
            "source-layer": "Obszar_zabudowany",
            "minzoom": 8,
            "paint": {"fill-color": "#ede5d2"}
        },
        {
            "id": "Zabudowa",
            "type": "fill",
            "metadata": {"mapbox:group": "3f7b3581e249741fa33b9c7362b5b699"},
            "source": "composite",
            "source-layer": "Zabudowa",
            "minzoom": 11,
            "paint": {"fill-color": "#e29a69"}
        },
        {
            "id": "Folwarki",
            "type": "fill",
            "metadata": {"mapbox:group": "3f7b3581e249741fa33b9c7362b5b699"},
            "source": "composite",
            "source-layer": "Folwarki",
            "minzoom": 11,
            "layout": {"visibility": "none"},
            "paint": {"fill-color": "hsl(24, 50%, 58%)"}
        },
        {
            "id": "Folwarki P",
            "type": "symbol",
            "metadata": {"mapbox:group": "3f7b3581e249741fa33b9c7362b5b699"},
            "source": "composite",
            "source-layer": "Folwarki",
            "minzoom": 11,
            "layout": {
                "icon-image": "Zwarta_zabudowa",
                "icon-size": [
                    "interpolate",
                    ["linear"],
                    ["zoom"],
                    0,
                    0.12,
                    12.88,
                    0.15,
                    22,
                    0.22
                ]
            },
            "paint": {"icon-opacity": 0.76}
        },
        {
            "id": "Rzeki szerokie",
            "type": "fill",
            "metadata": {"mapbox:group": "71785a6137c320df948783cc6b6b26e7"},
            "source": "composite",
            "source-layer": "Rzeki_szerokie",
            "minzoom": 8,
            "paint": {"fill-color": "hsl(174, 39%, 63%)"}
        },
        {
            "id": "Rzeki",
            "type": "line",
            "metadata": {"mapbox:group": "71785a6137c320df948783cc6b6b26e7"},
            "source": "composite",
            "source-layer": "Rzeki",
            "minzoom": 9,
            "paint": {"line-color": "hsl(174, 39%, 63%)"}
        },
        {
            "id": "Kolejka",
            "type": "line",
            "metadata": {"mapbox:group": "71785a6137c320df948783cc6b6b26e7"},
            "source": "composite",
            "source-layer": "Kolejka",
            "minzoom": 11,
            "paint": {"line-width": 1.2}
        },
        {
            "id": "Drogi Glowne",
            "type": "line",
            "metadata": {"mapbox:group": "71785a6137c320df948783cc6b6b26e7"},
            "source": "composite",
            "source-layer": "Drogi_glowne",
            "minzoom": 10.1,
            "paint": {
                "line-opacity": [
                    "interpolate",
                    ["linear"],
                    ["zoom"],
                    0,
                    0,
                    22,
                    1
                ],
                "line-width": [
                    "interpolate",
                    ["linear"],
                    ["zoom"],
                    0,
                    0.8,
                    10.63,
                    0.8,
                    12.8,
                    1,
                    22,
                    1.7
                ],
                "line-gap-width": [
                    "interpolate",
                    ["linear"],
                    ["zoom"],
                    0,
                    0.4,
                    10.44,
                    0.4,
                    12.22,
                    0.8,
                    22,
                    0.6
                ],
                "line-color": "hsl(0, 11%, 38%)"
            }
        },
        {
            "id": "Kolej wielotorowa",
            "type": "line",
            "metadata": {"mapbox:group": "71785a6137c320df948783cc6b6b26e7"},
            "source": "composite",
            "source-layer": "Kolej_wielotorowa",
            "minzoom": 12.3,
            "paint": {
                "line-pattern": "obraz_2021-08-19_181842",
                "line-width": [
                    "interpolate",
                    ["linear"],
                    ["zoom"],
                    0,
                    4,
                    12.81,
                    5,
                    13.71,
                    7,
                    22,
                    7.2
                ],
                "line-gap-width": 2,
                "line-opacity": 0.47
            }
        },
        {
            "id": "Kolej jednotorowa",
            "type": "line",
            "metadata": {"mapbox:group": "71785a6137c320df948783cc6b6b26e7"},
            "source": "composite",
            "source-layer": "Kolej_jednotorowa",
            "minzoom": 12,
            "paint": {
                "line-pattern": "obraz_2021-08-19_181842",
                "line-opacity": 0.54,
                "line-width": [
                    "interpolate",
                    ["linear"],
                    ["zoom"],
                    0,
                    6,
                    12.57,
                    6.2,
                    22,
                    7
                ]
            }
        },
        {
            "id": "Sciezki ludzie",
            "type": "line",
            "metadata": {"mapbox:group": "71785a6137c320df948783cc6b6b26e7"},
            "source": "composite",
            "source-layer": "Sciezki_ludzie",
            "minzoom": 11.2,
            "paint": {
                "line-width": 0.6,
                "line-opacity": 0.67,
                "line-dasharray": [
                    "step",
                    ["zoom"],
                    ["literal", [7, 5]],
                    11.67,
                    ["literal", [8, 7]],
                    22,
                    ["literal", [5, 3]]
                ]
            }
        },
        {
            "id": "Szlaki Turystyczne",
            "type": "line",
            "metadata": {"mapbox:group": "71785a6137c320df948783cc6b6b26e7"},
            "source": "composite",
            "source-layer": "Szlaki_turystyczne",
            "minzoom": 11,
            "paint": {
                "line-color": "#4c91d6",
                "line-dasharray": [
                    "step",
                    ["zoom"],
                    ["literal", [10, 5]],
                    14.52,
                    ["literal", [10, 5]],
                    16.11,
                    ["literal", [12, 9]],
                    22,
                    ["literal", [12, 10]]
                ]
            }
        },
        {
            "id": "Sciezki jezdzcy",
            "type": "line",
            "metadata": {"mapbox:group": "71785a6137c320df948783cc6b6b26e7"},
            "source": "composite",
            "source-layer": "Sciezki_jezdzcy",
            "minzoom": 11.8,
            "paint": {
                "line-color": "#d88a0e",
                "line-width": [
                    "interpolate",
                    ["linear"],
                    ["zoom"],
                    0,
                    0.7,
                    13.33,
                    0.9,
                    22,
                    1.1
                ]
            }
        },
        {
            "id": "Drogi wiejskie",
            "type": "line",
            "metadata": {"mapbox:group": "71785a6137c320df948783cc6b6b26e7"},
            "source": "composite",
            "source-layer": "Drogi_wiejskie",
            "minzoom": 11.5,
            "paint": {
                "line-color": "#b6aaaa",
                "line-width": [
                    "interpolate",
                    ["linear"],
                    ["zoom"],
                    0,
                    0.5,
                    13.01,
                    1,
                    22,
                    1.2
                ]
            }
        },
        {
            "id": "Drogi gospodarcze",
            "type": "line",
            "metadata": {"mapbox:group": "71785a6137c320df948783cc6b6b26e7"},
            "source": "composite",
            "source-layer": "Drogi_gospodarcze",
            "minzoom": 11,
            "paint": {
                "line-color": "#752700",
                "line-width": [
                    "interpolate",
                    ["linear"],
                    ["zoom"],
                    0,
                    0.7,
                    12.06,
                    0.7,
                    13.17,
                    1,
                    22,
                    1.2
                ],
                "line-opacity": 0.51
            }
        },
        {
            "id": "grobla-wal-ochronny",
            "type": "line",
            "metadata": {"mapbox:group": "71785a6137c320df948783cc6b6b26e7"},
            "source": "composite",
            "source-layer": "Grobla_wal_ochronny",
            "minzoom": 11,
            "layout": {"visibility": "none"},
            "paint": {"line-width": 0.5, "line-gap-width": 5}
        },
        {
            "id": "grobla-wal-ochronny copy",
            "type": "line",
            "metadata": {"mapbox:group": "71785a6137c320df948783cc6b6b26e7"},
            "source": "composite",
            "source-layer": "Grobla_wal_ochronny",
            "minzoom": 11,
            "layout": {"visibility": "none"},
            "paint": {}
        },
        {
            "id": "Grobla wal ochronny",
            "type": "line",
            "metadata": {"mapbox:group": "71785a6137c320df948783cc6b6b26e7"},
            "source": "composite",
            "source-layer": "Grobla_wal_ochronny",
            "minzoom": 12,
            "paint": {
                "line-pattern": "wal_ochr",
                "line-width": [
                    "interpolate",
                    ["linear"],
                    ["zoom"],
                    0,
                    10,
                    22,
                    20
                ]
            }
        },
        {
            "id": "Mosty",
            "type": "line",
            "metadata": {"mapbox:group": "71785a6137c320df948783cc6b6b26e7"},
            "source": "composite",
            "source-layer": "Mosty",
            "minzoom": 13,
            "paint": {
                "line-width": [
                    "interpolate",
                    ["linear"],
                    ["zoom"],
                    0,
                    2,
                    13.85,
                    3.4,
                    14.97,
                    1.7,
                    15.01,
                    3,
                    22,
                    1
                ],
                "line-gap-width": [
                    "interpolate",
                    ["linear"],
                    ["zoom"],
                    0,
                    0,
                    14.86,
                    0,
                    15.01,
                    3,
                    16.57,
                    4,
                    22,
                    0
                ],
                "line-opacity": 0.64
            }
        },
        {
            "id": "Kladki",
            "type": "line",
            "metadata": {"mapbox:group": "71785a6137c320df948783cc6b6b26e7"},
            "source": "composite",
            "source-layer": "Kladki",
            "minzoom": 12.4,
            "paint": {
                "line-width": 0.6,
                "line-gap-width": [
                    "interpolate",
                    ["linear"],
                    ["zoom"],
                    0,
                    1,
                    22,
                    2.5
                ]
            }
        },
        {
            "id": "Cmentarz ch",
            "type": "fill",
            "metadata": {"mapbox:group": "d6bf219108ffee0b37008ab5cebb992c"},
            "source": "composite",
            "source-layer": "Cmentarz_ch",
            "minzoom": 8.5,
            "paint": {"fill-color": "#e9dde7"}
        },
        {
            "id": "Cmentarz ch P",
            "type": "fill",
            "metadata": {"mapbox:group": "d6bf219108ffee0b37008ab5cebb992c"},
            "source": "composite",
            "source-layer": "Cmentarz_ch",
            "minzoom": 14.5,
            "paint": {
                "fill-opacity": 0.6,
                "fill-translate": [0, 0],
                "fill-color": "#e9dde7",
                "fill-pattern": "cemetery-JP"
            }
        },
        {
            "id": "Cmentarz nch",
            "type": "fill",
            "metadata": {"mapbox:group": "d6bf219108ffee0b37008ab5cebb992c"},
            "source": "composite",
            "source-layer": "Cmentarz_nch",
            "minzoom": 8.5,
            "paint": {"fill-color": "#dabed5"}
        },
        {
            "id": "Cmentarz nch P",
            "type": "fill",
            "metadata": {"mapbox:group": "d6bf219108ffee0b37008ab5cebb992c"},
            "source": "composite",
            "source-layer": "Cmentarz_nch",
            "minzoom": 15,
            "paint": {
                "fill-color": "#dabed5",
                "fill-pattern": "nch",
                "fill-opacity": 0.73
            }
        },
        {
            "id": "Studnia z zurawiem",
            "type": "symbol",
            "metadata": {"mapbox:group": "d6bf219108ffee0b37008ab5cebb992c"},
            "source": "composite",
            "source-layer": "Studnia_z_zurawiem",
            "minzoom": 11,
            "layout": {"icon-image": "studnia z żurawiem", "icon-size": 0.1},
            "paint": {}
        },
        {
            "id": "Wiatrak",
            "type": "symbol",
            "metadata": {"mapbox:group": "d6bf219108ffee0b37008ab5cebb992c"},
            "source": "composite",
            "source-layer": "Wiatrak",
            "minzoom": 11,
            "layout": {"icon-image": "windmill"},
            "paint": {}
        },
        {
            "id": "Telefon",
            "type": "symbol",
            "metadata": {"mapbox:group": "d6bf219108ffee0b37008ab5cebb992c"},
            "source": "composite",
            "source-layer": "Telefon",
            "minzoom": 12.5,
            "layout": {
                "icon-image": "obraz_2021-11-20_195003",
                "icon-size": [
                    "interpolate",
                    ["linear"],
                    ["zoom"],
                    0,
                    0.2,
                    13.66,
                    0.3,
                    22,
                    0.4
                ]
            },
            "paint": {}
        },
        {
            "id": "Telegraf",
            "type": "symbol",
            "metadata": {"mapbox:group": "d6bf219108ffee0b37008ab5cebb992c"},
            "source": "composite",
            "source-layer": "Telegraf",
            "minzoom": 11.5,
            "layout": {
                "icon-image": "obraz_2021-11-20_194921",
                "icon-size": [
                    "interpolate",
                    ["linear"],
                    ["zoom"],
                    0,
                    0.2,
                    14.35,
                    0.3,
                    22,
                    0.4
                ]
            },
            "paint": {}
        },
        {
            "id": "Poczta",
            "type": "symbol",
            "metadata": {"mapbox:group": "d6bf219108ffee0b37008ab5cebb992c"},
            "source": "composite",
            "source-layer": "Poczta",
            "minzoom": 10.5,
            "layout": {
                "icon-image": "post",
                "icon-size": [
                    "interpolate",
                    ["linear"],
                    ["zoom"],
                    0,
                    0.05,
                    11.75,
                    1,
                    22,
                    1.5
                ]
            },
            "paint": {}
        },
        {
            "id": "Mlyn wodny",
            "type": "symbol",
            "metadata": {"mapbox:group": "d6bf219108ffee0b37008ab5cebb992c"},
            "source": "composite",
            "source-layer": "Mlyn_wodny",
            "minzoom": 10.4,
            "layout": {
                "icon-image": "obraz_2021-09-30_001102",
                "icon-size": [
                    "interpolate",
                    ["linear"],
                    ["zoom"],
                    0,
                    0.08,
                    13.42,
                    0.35,
                    22,
                    0.55
                ]
            },
            "paint": {}
        },
        {
            "id": "Lesniczowka",
            "type": "symbol",
            "metadata": {"mapbox:group": "d6bf219108ffee0b37008ab5cebb992c"},
            "source": "composite",
            "source-layer": "Lesniczowka",
            "minzoom": 11,
            "layout": {
                "icon-image": "Leśniczówka",
                "icon-size": [
                    "interpolate",
                    ["linear"],
                    ["zoom"],
                    0,
                    0.09,
                    13.04,
                    0.12,
                    15.35,
                    0.2,
                    22,
                    0.3
                ]
            },
            "paint": {}
        },
        {
            "id": "Lotnisko",
            "type": "symbol",
            "metadata": {"mapbox:group": "d6bf219108ffee0b37008ab5cebb992c"},
            "source": "composite",
            "source-layer": "Lotniska",
            "minzoom": 9.5,
            "layout": {
                "icon-image": "airport",
                "icon-size": [
                    "interpolate",
                    ["linear"],
                    ["zoom"],
                    0,
                    0.9,
                    11.13,
                    1,
                    22,
                    1.5
                ]
            },
            "paint": {}
        },
        {
            "id": "Kosciol z dwoma wiezami",
            "type": "symbol",
            "metadata": {"mapbox:group": "d6bf219108ffee0b37008ab5cebb992c"},
            "source": "composite",
            "source-layer": "Kosciol_2_wieze",
            "minzoom": 10.5,
            "layout": {
                "icon-image": "obraz_2021-11-20_142149",
                "icon-size": [
                    "interpolate",
                    ["linear"],
                    ["zoom"],
                    0,
                    0.05,
                    13.95,
                    0.3,
                    15.98,
                    0.5,
                    22,
                    0.7
                ]
            },
            "paint": {}
        },
        {
            "id": "Kosciol",
            "type": "symbol",
            "metadata": {"mapbox:group": "d6bf219108ffee0b37008ab5cebb992c"},
            "source": "composite",
            "source-layer": "Kosciol",
            "minzoom": 10.5,
            "layout": {
                "icon-image": "kosciol2",
                "icon-size": [
                    "interpolate",
                    ["linear"],
                    ["zoom"],
                    0,
                    0.07,
                    13.28,
                    0.26,
                    14.56,
                    0.4,
                    22,
                    1
                ]
            },
            "paint": {}
        },
        {
            "id": "Krzyz figura",
            "type": "symbol",
            "metadata": {"mapbox:group": "d6bf219108ffee0b37008ab5cebb992c"},
            "source": "composite",
            "source-layer": "Krzyz_fig",
            "minzoom": 11.5,
            "layout": {
                "icon-image": "religious-christian",
                "icon-size": [
                    "interpolate",
                    ["linear"],
                    ["zoom"],
                    0,
                    0.5,
                    13.51,
                    1.1,
                    22,
                    1.8
                ]
            },
            "paint": {}
        },
        {
            "id": "Swiatynia nch",
            "type": "symbol",
            "metadata": {"mapbox:group": "d6bf219108ffee0b37008ab5cebb992c"},
            "source": "composite",
            "source-layer": "Swiatynia_nch",
            "minzoom": 13,
            "layout": {
                "icon-image": "swiatynia-nch",
                "icon-size": [
                    "interpolate",
                    ["linear"],
                    ["zoom"],
                    0,
                    0.5,
                    13.44,
                    0.1,
                    14.29,
                    0.3,
                    22,
                    1
                ]
            },
            "paint": {}
        },
        {
            "id": "Kaplica",
            "type": "symbol",
            "metadata": {"mapbox:group": "d6bf219108ffee0b37008ab5cebb992c"},
            "source": "composite",
            "source-layer": "Kaplica",
            "minzoom": 11,
            "layout": {
                "icon-image": "kaplica2",
                "icon-size": [
                    "interpolate",
                    ["linear"],
                    ["zoom"],
                    0,
                    0.1,
                    13.05,
                    0.2,
                    16.48,
                    0.35,
                    22,
                    0.55
                ]
            },
            "paint": {}
        },
        {
            "id": "Komin fabryczny",
            "type": "symbol",
            "metadata": {"mapbox:group": "d6bf219108ffee0b37008ab5cebb992c"},
            "source": "composite",
            "source-layer": "Komin_fabryczny",
            "minzoom": 11.7,
            "layout": {
                "icon-image": "komin_f",
                "icon-size": [
                    "interpolate",
                    ["linear"],
                    ["zoom"],
                    0,
                    0.08,
                    12.35,
                    0.19,
                    14.13,
                    0.23,
                    22,
                    0.5
                ]
            },
            "paint": {}
        },
        {
            "id": "Prom",
            "type": "symbol",
            "metadata": {"mapbox:group": "d6bf219108ffee0b37008ab5cebb992c"},
            "source": "composite",
            "source-layer": "Prom",
            "minzoom": 9.5,
            "layout": {
                "icon-image": "ferry",
                "icon-size": [
                    "interpolate",
                    ["linear"],
                    ["zoom"],
                    0,
                    0.4,
                    11.81,
                    0.8,
                    22,
                    1.4
                ]
            },
            "paint": {}
        },
        {
            "id": "Szalas",
            "type": "symbol",
            "metadata": {"mapbox:group": "d6bf219108ffee0b37008ab5cebb992c"},
            "source": "composite",
            "source-layer": "Szalas",
            "minzoom": 10,
            "layout": {
                "icon-image": "obraz_2021-11-20_130549",
                "icon-size": [
                    "interpolate",
                    ["linear"],
                    ["zoom"],
                    0,
                    0.15,
                    12.21,
                    0.3,
                    13.12,
                    0.5,
                    22,
                    1.2
                ]
            },
            "paint": {}
        },
        {
            "id": "osnowa",
            "type": "symbol",
            "metadata": {"mapbox:group": "9e3969e4477ea095bcea4d4c04d8a0f2"},
            "source": "composite",
            "source-layer": "osnowa",
            "minzoom": 12,
            "layout": {"icon-image": "triangle-stroked", "visibility": "none"},
            "paint": {}
        },
        {
            "id": "Punkty topo",
            "type": "symbol",
            "metadata": {"mapbox:group": "9e3969e4477ea095bcea4d4c04d8a0f2"},
            "source": "composite",
            "source-layer": "Punkty_topo",
            "minzoom": 11.8,
            "layout": {
                "icon-image": "oil-without-tower-25k",
                "icon-size": [
                    "interpolate",
                    ["linear"],
                    ["zoom"],
                    0,
                    0.1,
                    11,
                    0.13,
                    12.02,
                    0.18,
                    22,
                    0.2
                ]
            },
            "paint": {}
        },
        {
            "id": "punkty tryg",
            "type": "symbol",
            "metadata": {"mapbox:group": "9e3969e4477ea095bcea4d4c04d8a0f2"},
            "source": "composite",
            "source-layer": "Punkty_tryg",
            "minzoom": 11.8,
            "layout": {
                "icon-image": "triangle-stroked",
                "icon-size": [
                    "interpolate",
                    ["linear"],
                    ["zoom"],
                    0,
                    1,
                    14.45,
                    1.2,
                    22,
                    1.5
                ]
            },
            "paint": {"icon-opacity": 0.69}
        },
        {
            "id": "punkty tryg c",
            "type": "circle",
            "metadata": {"mapbox:group": "9e3969e4477ea095bcea4d4c04d8a0f2"},
            "source": "composite",
            "source-layer": "Punkty_tryg",
            "minzoom": 11.8,
            "paint": {"circle-radius": 2}
        },
        {
            "id": "Nazwy rzek",
            "type": "symbol",
            "metadata": {"mapbox:group": "9e3969e4477ea095bcea4d4c04d8a0f2"},
            "source": "composite",
            "source-layer": "Nazwy_rzek-blx7gl",
            "minzoom": 9,
            "layout": {
                "text-field": ["to-string", ["get", "TextString"]],
                "text-font": [
                    "Crimson SemiboldItalic",
                    "Arial Unicode MS Regular"
                ],
                "text-size": [
                    "interpolate",
                    ["linear"],
                    ["zoom"],
                    0,
                    7,
                    10.26,
                    10,
                    12.25,
                    14,
                    22,
                    18
                ]
            },
            "paint": {
                "text-color": "#4c82d4",
                "text-halo-color": "#ffffff",
                "text-halo-width": 2,
                "text-halo-blur": 3
            }
        },
        {
            "id": "Nazwy",
            "type": "symbol",
            "metadata": {"mapbox:group": "9e3969e4477ea095bcea4d4c04d8a0f2"},
            "source": "composite",
            "source-layer": "nazwy-3q5bxm",
            "minzoom": 10,
            "layout": {
                "text-field": ["to-string", ["get", "TextString"]],
                "text-font": [
                    "Source Sans Pro SemiBold Italic",
                    "Arial Unicode MS Regular"
                ],
                "text-size": [
                    "interpolate",
                    ["linear"],
                    ["zoom"],
                    0,
                    9,
                    11.03,
                    9,
                    13.13,
                    11,
                    22,
                    17
                ]
            },
            "paint": {
                "text-halo-color": "hsl(0, 24%, 100%)",
                "text-halo-width": 2,
                "text-halo-blur": 2,
                "text-opacity": 0.69
            }
        },
        {
            "id": "miasteczka_yy",
            "type": "symbol",
            "metadata": {"mapbox:group": "9e3969e4477ea095bcea4d4c04d8a0f2"},
            "source": "composite",
            "source-layer": "Miasteczka-afpkm0",
            "layout": {
                "text-field": ["to-string", ["get", "TextString"]],
                "visibility": "none"
            },
            "paint": {}
        },
        {
            "id": "Miasta",
            "type": "symbol",
            "metadata": {"mapbox:group": "9e3969e4477ea095bcea4d4c04d8a0f2"},
            "source": "composite",
            "source-layer": "Miasta-5gl4sh",
            "minzoom": 10.6,
            "layout": {
                "text-field": ["to-string", ["get", "TextString"]],
                "text-font": [
                    "Source Sans Pro Bold Italic",
                    "Arial Unicode MS Regular"
                ],
                "text-size": [
                    "interpolate",
                    ["linear"],
                    ["zoom"],
                    0,
                    7,
                    12.15,
                    13,
                    22,
                    17
                ]
            },
            "paint": {
                "text-opacity": 0.69,
                "text-halo-color": "hsl(0, 23%, 100%)",
                "text-halo-width": 2,
                "text-halo-blur": 2
            }
        },
        {
            "id": "siatka",
            "type": "line",
            "metadata": {"mapbox:group": "9e3969e4477ea095bcea4d4c04d8a0f2"},
            "source": "composite",
            "source-layer": "siatka",
            "layout": {"visibility": "none"},
            "paint": {}
        }
    ],
    "created": "2021-09-29T11:39:08.999Z",
    "modified": "2021-12-27T19:51:02.407Z",
    "id": "cku5fr9df2k7u17qejb0owvsi",
    "owner": "ngadoc",
    "visibility": "public",
    "protected": false,
    "draft": true
}